sample_id,origin,destination,neighborhood,minutes
s_052,"47.61202479744385, -122.33851243232121","47.60714589440602, -122.3385428033869",Pike-Market,10
